32.076813,15.75
7.690520,43
7.690520,27
7.690520,29
7.690520,113
7.690520,125
7.690520,22
3.911151,54.0875
3.911151,-999
3.911151,44.07083333333333
8.694464,45.483333333333334
3.911151,59.858333333333334
8.694464,53.8625
8.694464,43.1375
3.486384,38.81802916666667
8.694464,33.36864583333333
3.911151,39.92916666666667
8.694464,47.641666666666666
3.486384,20.636363636363637
11.559363,46.6288625
3.911151,44.9375
8.694464,55.30833333333333
11.559363,39.1805125
3.911151,44.25300416666666
11.559363,48.962633333333336
3.911151,46.78333333333333
8.694464,53.675
3.486384,11.590909090909092
3.486384,23.910212
3.911151,30.951458333333335
3.911151,53.229166666666664
8.694464,39.8875
3.486384,12.545454545454545
3.911151,47.62455416666667
3.486384,39.64222375
8.694464,47.11666666666667
8.694464,43.75
3.911151,40.677083333333336
3.911151,34.814029166666664
11.559363,-996
10.515474,29
3.911151,42.9625
8.694464,39.97083333333333
3.486384,8.590909090909092
8.694464,46.850295833333334
11.559363,40.89055416666667
8.694464,44.62916666666667
8.694464,48.86666666666667
3.486384,22.36564625
8.694464,27.366816666666665
11.559363,39.66432916666667
8.694464,50.8125
3.486384,2.2566213636363637
3.911151,48.9015875
3.486384,37.548237916666665
8.694464,37.420833333333334
3.486384,5.569586666666667
11.559363,43.13977083333333
11.559363,35.0548
11.559363,35.57623
3.486384,-999
10.515474,28
10.515474,31
10.515474,31
10.515474,34
5.990394,32
10.515474,25
5.990394,35
10.515474,35
10.515474,22
35.859398,5
32.076813,16.84
2.043893,0
2.043893,43.42
2.043893,15.6
24.953524,40.2
9.608644,28
24.953524,31.6
30.226274,26.5
32.076813,10.39
24.953524,50.3
3.768195,21.06
3.768195,1
2.043893,29.76
15.656901,1.694
15.656901,4.097
2.345666,8.17
1.848063,29.53
3.768195,6.106
1.848063,15
1.848063,18.96
3.768195,6.136
24.953524,35.9
1.848063,12.24
1.963866,59.44
2.009315,13.43
1.848063,9
3.500617,12.28
1.848063,10.4
1.970726,27.16
1.848063,12
1.848063,7
1.848063,14
1.848063,20
1.848063,10
24.953524,50.8
1.848063,17
1.848063,16
24.953524,32.8
3.768195,22.4
1.970726,19.91
3.768195,22.29
1.970726,16.34
1.963866,54.31
15.656901,8.81
35.859398,0.1314
35.859398,9.606
35.859398,31.39
1.848063,9.155
7.690520,22
7.690520,61
7.690520,40
7.690520,164
7.690520,25
7.690520,119
7.690520,61
7.690520,22
7.690520,61
7.690520,22
10.515474,21
32.076813,14.35
3.911151,47.9
8.694464,50.675
3.486384,19.818181818181817
3.911151,49.214020833333336
3.911151,43.675
8.694464,40.5125
3.486384,21.71135625
3.486384,22.437286
3.911151,53.975
8.694464,44.6375
8.694464,36.166666666666664
3.486384,38.25333625
3.911151,40.0125
8.694464,39.85217391304348
3.486384,7.681818181818182
8.694464,26.819679166666667
3.911151,-999
8.694464,55.95
8.694464,48.795833333333334
3.486384,1.8086945454545456
11.559363,42.87587083333333
8.694464,54.1625
8.694464,44.84166666666667
3.486384,5.099571666666667
3.911151,34.9729
3.486384,37.87113625
3.911151,44.55416666666667
8.694464,47.59166666666667
8.694464,43.858333333333334
8.694464,47.48957083333333
8.694464,33.43895652173913
3.486384,-999
3.911151,60.65
8.694464,48.09583333333333
3.486384,11.590909090909092
3.911151,40.34493333333333
3.486384,36.1088075
3.911151,54.525
8.694464,53.775
3.486384,10.454545454545455
3.911151,48.00561666666667
11.559363,39.138425
3.911151,45.44166666666667
8.694464,46.28333333333333
11.559363,38.820683333333335
3.911151,43.490879166666666
3.911151,31.0018875
11.559363,46.33045833333333
11.559363,34.2323875
11.559363,48.7264125
11.559363,40.54816666666667
24.953524,40.5
11.559363,34.67533
11.559363,-996
7.690520,25
7.690520,40
7.690520,147
7.690520,114
9.608644,20.8
30.226274,26.5
24.953524,52.7
5.990394,31
24.953524,31
10.515474,31
10.515474,35
10.515474,25
10.515474,29
5.990394,34
10.515474,31
10.515474,35
10.515474,28
35.859398,2
24.953524,34.7
24.953524,55.5
32.076813,17.16
24.953524,30.6
2.043893,20.35
2.043893,11.41
3.768195,19.77
3.768195,11.78
2.043893,20.97
2.043893,0.00025
1.848063,17
2.345666,8.17
1.848063,13
1.848063,8
3.768195,6.142
1.848063,27.39
1.848063,12
1.970726,31.24
32.076813,3.66
1.848063,14
3.500617,8.24
1.848063,11.78
1.848063,12.6
1.848063,14
1.848063,17
1.848063,11
2.009315,14.04
1.848063,9
15.656901,7.445
15.656901,2.541
1.970726,28.9
1.963866,20.15
3.768195,26.46
1.963866,27.16
3.768195,25.79
1.970726,59.12
1.970726,6.482
35.859398,9.602
35.859398,0.1059
35.859398,16.51
1.848063,8.412
7.690520,78
7.690520,17
7.690520,76
7.690520,100
7.690520,36
7.690520,89
7.690520,17
7.690520,78
32.076813,13.64
7.690520,77
7.690520,86
7.690520,23
7.690520,97
7.690520,77
24.953524,39.9
7.690520,36
24.953524,32.5
24.953524,52.7
30.226274,27
3.911151,-999
8.694464,39.93636363636364
3.911151,61.579166666666666
8.694464,55.80833333333333
8.694464,48.53333333333333
3.911151,54.7375
8.694464,47.69583333333333
3.486384,9.454545454545455
3.486384,22.125711578947367
8.694464,54.47083333333333
8.694464,46.4375
3.486384,4.452485833333333
8.694464,27.1002625
3.911151,48.229166666666664
8.694464,44.5125
8.694464,35.34583333333333
3.486384,37.55756541666667
3.911151,40.68333333333333
8.694464,50.666666666666664
3.486384,10.727272727272727
3.911151,35.00437083333333
3.486384,36.59486125
3.911151,44.30833333333333
8.694464,40.69166666666667
3.486384,1.3030240909090909
11.559363,41.627275
11.559363,33.113845833333336
24.953524,34
3.911151,45.579166666666666
8.694464,46.57083333333333
11.559363,38.94580833333333
3.911151,49.27961666666667
3.486384,34.75525833333333
3.911151,54.12916666666667
8.694464,48.545833333333334
3.486384,19.333333333333332
3.911151,39.6195875
8.694464,32.919465217391306
3.486384,-999
3.911151,44.979166666666664
8.694464,54.15833333333333
8.694464,43.97083333333333
3.911151,42.35565416666667
3.911151,31.077720833333334
3.486384,6.954545454545454
8.694464,47.9665625
11.559363,40.10351791666667
10.515474,28
3.486384,20.96902375
11.559363,45.30177916666667
11.559363,38.6857
3.911151,47.66891666666667
11.559363,-996
11.559363,47.6457875
24.953524,45.1
11.559363,33.95946333333333
9.608644,20.3
10.515474,31
10.515474,35
10.515474,35
10.515474,21
5.990394,34
10.515474,26
24.953524,30.9
5.990394,31
10.515474,29
35.859398,6
32.076813,14.69
2.043893,10.18
1.848063,39.76
32.076813,1.493
1.848063,19.72
2.043893,0.000182
1.848063,11
3.768195,1
3.768195,10.71
2.043893,16.92
3.768195,4.685
1.848063,14
1.848063,16.3
2.345666,8.17
1.848063,12
1.848063,14
2.043893,9.71
1.848063,14
1.970726,65.19
1.848063,23
1.848063,7
1.848063,9
1.848063,8
1.848063,17
15.656901,2.048
3.768195,22.37
15.656901,4.743
15.656901,1
3.500617,13.03
1.848063,10.21
3.768195,19.42
1.970726,24.48
1.970726,5.519
1.970726,12.94
1.963866,13.37
1.963866,22.41
2.009315,12.82
35.859398,12.59
35.859398,19.39
35.859398,0.5076
1.848063,9.837
7.690520,59
7.690520,53
7.690520,45
7.690520,84
7.690520,71
7.690520,59
7.690520,38
7.690520,53
7.690520,53
7.690520,59
32.076813,6.794
7.690520,36
9.608644,22.7
24.953524,30.1
24.953524,32.6
7.690520,58
7.690520,52
24.953524,52.4
30.226274,28.6
7.690520,78
7.690520,59
24.953524,41.2
7.690520,66
3.911151,45.18333333333333
3.911151,54.53333333333333
8.694464,44.6625
8.694464,48.583333333333336
3.486384,0.8020277272727273
11.559363,40.5421
8.694464,54.65
8.694464,40.483333333333334
3.486384,20.384727916666666
8.694464,27.654604166666665
11.559363,33.399434166666666
3.911151,45.145833333333336
8.694464,47.4125
3.486384,17.571428571428573
3.911151,48.4329375
11.559363,38.00244166666667
3.911151,53.575
8.694464,53.925
3.486384,6.045454545454546
8.694464,48.971354166666664
11.559363,39.647380416666664
3.911151,41.3625
8.694464,46.68333333333333
11.559363,38.244729166666666
3.911151,41.34327916666667
11.559363,46.28382083333333
3.911151,62.583333333333336
8.694464,55.92916666666667
8.694464,34.94166666666667
3.486384,36.83942375
11.559363,45.51465652173913
11.559363,32.51627916666666
10.515474,29
3.911151,-999
8.694464,49.15
3.486384,8.761904761904763
3.486384,21.383688
3.911151,30.771733333333334
3.911151,47.44166666666667
8.694464,39.979166666666664
3.486384,10.045454545454545
3.911151,35.1810625
3.486384,33.09826208333333
3.911151,45.858333333333334
8.694464,47.733333333333334
8.694464,44.65416666666667
3.911151,38.69631666666667
8.694464,32.45773913043478
3.486384,-999
8.694464,50.6
3.486384,3.77707625
3.911151,47.19799166666667
3.486384,35.1674125
11.559363,-996
5.990394,30
10.515474,28
10.515474,34
10.515474,21
10.515474,26
24.953524,45.8
10.515474,35
5.990394,33
10.515474,31
35.859398,3
32.076813,18.68
24.953524,33.1
2.043893,8.68
32.076813,3.091
2.315883,1
1.848063,53.93
1.848063,21.89
2.345666,8.17
3.768195,1.73
1.848063,16
3.768195,6.78
1.848063,7
1.970726,43.86
3.768195,1
2.043893,8.8
2.043893,7.124
1.848063,15
1.848063,53.9
1.848063,11
1.848063,15
2.043893,0.000083
1.848063,10
1.848063,8
1.848063,9
1.848063,13
1.848063,12
1.970726,6.484
3.768195,26.41
1.970726,11.17
15.656901,4.912
15.656901,6.076
35.859398,0.109
35.859398,14.62
35.859398,22.37
1.848063,8.755
7.690520,87
7.690520,31
7.690520,63
7.690520,31
7.690520,61
7.690520,87
7.690520,43
7.690520,53
7.690520,31
7.690520,87
20.267990,8.693
10.441831,24.5
8.206633,66
8.206633,86
30.203035,32.7
30.451151,30.6
30.203035,39.7
8.206633,31
30.203035,50.8
8.206633,37
30.203035,56.3
8.206633,57
30.203035,35.5
8.206633,49
4.162869,41.63333333333333
8.885363,39.62916666666667
3.593007,9.391304347826088
4.162869,45.31666666666667
8.885363,52.94583333333333
8.885363,44.641666666666666
4.162869,45.05
8.885363,40.395833333333336
3.593007,19.495923333333334
8.885363,27.7531875
9.511323,32.73479291666666
4.162869,54.579166666666666
8.885363,44.24166666666667
3.593007,7.782608695652174
4.162869,39.95704583333333
9.511323,39.19537583333334
4.162869,63.075
8.885363,54.0125
8.885363,48.09166666666667
3.593007,0.24283272727272728
8.885363,31.740500869565217
9.511323,-996
4.162869,-999
8.885363,49.425
3.593007,5.3478260869565215
8.885363,49.91699583333333
3.593007,33.6522625
8.885363,55.291666666666664
8.885363,48.34166666666667
4.162869,37.9679375
9.511323,42.44479625
9.511323,37.680908333333335
4.162869,46.65833333333333
8.885363,46.40416666666667
9.511323,37.7904875
4.162869,48.1553875
9.511323,44.9385375
4.162869,53.34166666666667
8.885363,49.125
3.593007,16.17391304347826
3.593007,20.225258
3.593007,31.2325725
4.162869,47.24583333333333
8.885363,46.920833333333334
8.885363,35.0375
3.593007,35.8421775
9.511323,40.1053
9.511323,32.26822173913043
3.593007,3.4409829166666666
4.162869,47.03495
3.593007,-999
4.162869,35.28685
4.162869,30.48216375
11.930787,20
30.203035,30.2
6.626413,33
11.930787,30
11.930787,26
11.930787,34
11.930787,31
11.930787,28
11.930787,27
11.930787,34
6.626413,30
24.735102,4
20.267990,18.74
2.047945,5.279
4.016746,22.91
4.016746,1
1.847185,19
1.921460,1.678
2.047945,0
1.921460,12.88
4.016746,1
1.847185,15.02
1.847185,10
2.247359,1
1.847185,15
2.047945,6.445
1.847185,11
1.847185,7
2.047945,7.445
3.048334,35.73
1.847185,14
1.847185,9.9
1.847185,9
1.847185,48.01
1.847185,5.664
1.847185,9
20.863480,4.097
2.349230,4.086
1.928665,39.17
1.847185,11
1.847185,14
2.009693,10.02
20.863480,10.18
1.928665,19.99
20.863480,1
4.016746,16.57
4.016746,26.52
1.928665,15.64
1.928665,12.19
24.735102,19.42
24.735102,0.1089
24.735102,8.677
1.847185,7.481
8.206633,81
8.206633,41
8.206633,45
8.206633,41
8.206633,33
8.206633,34
8.206633,81
8.206633,44
8.206633,81
8.206633,41
20.267990,7.53
8.206633,44
30.203035,42.7
8.206633,41
30.203035,31.5
8.206633,78
8.206633,34
8.206633,36
30.203035,42.2
8.206633,29
30.203035,33.4
30.451151,33.3
4.162869,-999
8.885363,39.225
4.162869,46.69166666666667
8.885363,52.5
9.511323,37.35103333333333
4.162869,38.372508333333336
9.511323,43.61031666666667
4.162869,46.75416666666667
8.885363,47.11304347826087
8.885363,34.86666666666667
3.593007,3.2259954166666667
4.162869,46.62620833333333
9.511323,45.56176111111111
6.626413,32
4.162869,52.9875
8.885363,45.67916666666667
3.593007,4.695652173913044
3.593007,19.083663
4.162869,30.040510416666667
4.162869,54.579166666666666
8.885363,54.2
8.885363,47.55833333333333
4.162869,37.079170833333336
9.511323,39.3534125
9.511323,31.508075
11.930787,30
4.162869,63.17916666666667
8.885363,43.6625
8.885363,44.416666666666664
3.593007,34.325131666666664
9.511323,41.09003375
3.593007,-999
11.930787,33
4.162869,44.84583333333333
8.885363,45.333333333333336
3.593007,18.718100833333335
8.885363,50.59267083333334
9.511323,38.67019208333333
4.162869,41.55833333333333
8.885363,40.06666666666667
3.593007,15.727272727272727
8.885363,27.338758333333335
3.593007,29.652281666666667
4.162869,44.7125
8.885363,49.21666666666667
3.593007,7.130434782608695
4.162869,47.5456875
9.511323,32.04812208333333
8.885363,53.1875
8.885363,48.1125
3.593007,-0.08931727272727273
8.885363,31.183857826086957
9.511323,36.946083333333334
3.593007,8.565217391304348
4.162869,35.061625
3.593007,31.851751666666665
11.930787,20
30.203035,59.5
11.930787,26
10.441831,25.2
11.930787,33
11.930787,25
11.930787,27
6.626413,29
11.930787,30
24.735102,4
30.203035,35.8
20.267990,18.79
2.047945,4.061
2.047945,3.916
2.047945,0.000167
2.247359,1
1.847185,1
4.016746,1
1.847185,3.399
4.016746,18.99
2.009693,10.36
1.847185,17
1.847185,33.41
20.863480,4.097
4.016746,12.08
2.349230,6.81
20.267990,7.667
1.928665,27.83
1.921460,6.424
1.847185,11
2.047945,14.93
3.048334,16.49
1.847185,8
1.847185,16
1.847185,15
1.847185,9
1.847185,8
1.847185,3
1.847185,13
1.847185,6
1.847185,12
20.863480,7.445
4.016746,9.01
20.863480,1
1.928665,9.6
1.928665,9.73
4.016746,21.04
1.921460,27.5
1.928665,10.21
24.735102,0.1047
24.735102,20.38
24.735102,4.64
1.847185,8.146
8.206633,61
8.206633,46
8.206633,31
8.206633,27
8.206633,46
8.206633,20
8.206633,21
8.206633,61
8.206633,46
8.206633,61
11.930787,19
20.267990,7.525
30.203035,41.6
8.206633,21
30.203035,64.7
8.206633,33
10.441831,29.4
30.203035,31.7
8.206633,24
30.451151,33.1
8.206633,18
8.206633,46
30.203035,36
8.206633,62
30.203035,47.1
30.203035,45
4.162869,46.295833333333334
8.885363,51.69166666666667
4.162869,44.65833333333333
8.885363,47.74583333333333
3.593007,17.68619875
4.162869,46.065420833333334
8.885363,52.68333333333333
8.885363,34.475
4.162869,36.026604166666665
9.511323,38.51810833333333
4.162869,52.354166666666664
8.885363,38.479166666666664
3.593007,8
8.885363,27.15865416666667
4.162869,54.291666666666664
8.885363,45.733333333333334
8.885363,44.50416666666667
3.593007,33.6809275
9.511323,39.67195041666667
9.511323,44.79685555555555
4.162869,46.1125
8.885363,42.90416666666667
8.885363,47.3625
3.593007,3.1072404166666665
4.162869,34.188404166666665
9.511323,38.1990775
4.162869,-999
8.885363,44.65416666666667
3.593007,6.695652173913044
3.593007,18.145453
9.511323,42.302570833333334
4.162869,43.770833333333336
8.885363,39.55416666666667
3.593007,4
4.162869,46.78015
3.593007,29.05457652173913
4.162869,40.55416666666667
8.885363,43.12916666666667
3.593007,14.695652173913043
8.885363,50.4190125
9.511323,36.72654583333333
4.162869,62.925
8.885363,53.2625
8.885363,47.083333333333336
3.593007,-0.38304045454545455
8.885363,30.212333913043476
3.593007,-999
9.511323,36.607108333333336
4.162869,36.80237916666667
4.162869,29.524654166666668
9.511323,31.040524583333333
3.593007,30.813593333333333
11.930787,32
9.511323,30.473708333333335
11.930787,26
11.930787,29
11.930787,32
11.930787,24
11.930787,26
6.626413,31
11.930787,29
6.626413,28
24.735102,7
20.267990,18.4
2.047945,4.061
2.047945,17.3
2.247359,3.997
4.016746,4.552
1.847185,8
2.047945,3.917
3.048334,10.79
2.349230,8.17
20.267990,9.26
20.863480,4.097
1.847185,1
4.016746,8.077
1.847185,29.96
1.847185,1
1.928665,18.31
4.016746,16.67
2.047945,0.000167
1.921460,14.05
1.847185,11
1.847185,11
1.847185,6
1.847185,6
2.009693,11.23
1.847185,6.7
1.847185,2
1.847185,13
1.847185,12
1.847185,12
1.847185,10
20.863480,1
20.863480,2.371
4.016746,11.56
1.928665,10.89
1.921460,14.44
4.016746,6.078
1.928665,6.795
1.928665,6.128
24.735102,6.628
24.735102,0.108
24.735102,15.44
1.847185,8.388
8.206633,26
8.206633,63
8.206633,25
8.206633,20
8.206633,26
8.206633,20
8.206633,35
8.206633,63
8.206633,26
8.206633,63
13.764046,18
10.871166,9.273
12.559271,21
27.634909,40.2
12.559271,26
12.559271,40
12.559271,30
12.559271,64
27.634909,68.9
26.083002,33.6
12.559271,18
11.748512,31.6
27.634909,38.7
27.634909,45.9
27.634909,40.1
27.634909,48
4.661423,62.208333333333336
9.607516,43.62083333333333
9.607516,44.30833333333333
3.709710,32.89908583333333
10.076621,37.835229166666664
9.607516,52.525
9.607516,47.266666666666666
3.709710,2.6887920833333334
4.661423,51.354166666666664
9.607516,39.45
3.709710,14.304347826086957
4.661423,45.900483333333334
4.661423,-999
9.607516,46.34583333333333
3.709710,6.304347826086956
3.709710,17.615993333333332
10.076621,37.176502916666664
4.661423,43.75833333333333
9.607516,53.49130434782609
9.607516,47.03333333333333
3.709710,-0.41546954545454545
13.764046,31
4.661423,45.3375
9.607516,50.80833333333333
3.709710,3.608695652173913
9.607516,50.05084166666666
9.607516,29.305301304347825
4.661423,45.12916666666667
9.607516,45.19166666666667
9.607516,34.233333333333334
4.661423,34.923608333333334
4.661423,29.37696875
4.661423,53.266666666666666
9.607516,43.51304347826087
10.076621,36.07362083333334
4.661423,35.402875
10.076621,41.2064
13.764046,29
4.661423,39.3625
9.607516,37.925
3.709710,7.782608695652174
9.607516,26.980445833333334
10.076621,30.086162083333335
4.661423,42.38333333333333
9.607516,42.00416666666667
3.709710,16.819802916666667
4.661423,32.94386541666667
3.709710,29.39096
10.076621,43.93538888888889
4.661423,45.28926666666667
10.076621,36.3413125
13.764046,24
10.076621,38.18398666666667
3.709710,26.409837916666667
3.709710,-999
10.076621,29.289191666666667
13.764046,25
7.708601,26
13.764046,31
7.708601,30
13.764046,25
13.672277,5
10.871166,16.87
2.255817,11.14
10.871166,16.87
4.340501,21.3
1.869308,19.5
2.031443,14.93
1.893406,19.69
1.869308,1
4.340501,35.75
4.340501,10.85
2.031443,3.917
1.869308,8
4.340501,6.878
2.031443,0.000167
2.031443,6.769
1.869308,9
2.433436,10.9
1.869308,8
1.869308,9
1.869308,14
1.869308,9
1.869308,3
1.869308,6.7
1.869308,17
1.869308,3
4.340501,4.07
23.629053,4.097
4.340501,8.8
1.869308,1
1.893406,8.16
1.893406,6.81
23.629053,1.694
1.893406,6.777
2.865645,6.87
1.974297,10.48
1.898205,7.271
13.672277,14.43
13.672277,0.1048
13.672277,7.608
1.869308,9.67
12.559271,47
12.559271,68
12.559271,20
12.559271,35
12.559271,47
12.559271,68
12.559271,16
12.559271,24
12.559271,47
12.559271,68
10.871166,7.142
12.559271,15
12.559271,23
12.559271,64
27.634909,42.8
27.634909,40.9
12.559271,20
12.559271,34
12.559271,47
27.634909,47.6
26.083002,36.5
27.634909,68
11.748512,33.9
27.634909,40.7
4.661423,44.12916666666667
4.661423,41.2875
9.607516,37.02916666666667
9.607516,51.9375
9.607516,46.454166666666666
4.661423,33.569604166666664
10.076621,36.8063225
4.661423,42.4875
9.607516,42.8125
3.709710,3.260869565217391
4.661423,32.86355956521739
3.709710,24.541304583333332
9.607516,44.233333333333334
9.607516,46.57083333333333
3.709710,2.56495625
4.661423,44.056975
10.076621,35.627720833333335
4.661423,43.6
9.607516,41.295833333333334
3.709710,6.090909090909091
9.607516,49.073729166666666
10.076621,36.39583666666667
4.661423,-999
9.607516,49.775
3.709710,14.409090909090908
3.709710,16.406993333333332
4.661423,28.178422916666666
4.661423,39.00416666666667
9.607516,38.829166666666666
3.709710,7.826086956521739
4.661423,44.61017916666667
3.709710,27.52875875
4.661423,52
9.607516,43.97727272727273
9.607516,43.65
3.709710,-0.4762740909090909
10.076621,36.50890416666667
10.076621,42.85299444444444
4.661423,61.3
9.607516,52.21739130434783
9.607516,34
3.709710,31.948515
9.607516,28.242144347826088
3.709710,-999
4.661423,50.325
9.607516,44.50416666666667
10.076621,35.302395833333335
4.661423,33.23817458333333
10.076621,40.08065416666667
10.076621,28.80613333333333
3.709710,16.006490416666665
9.607516,26.864041666666665
10.076621,29.180787916666667
13.764046,24
13.764046,23
27.634909,51.8
13.764046,30
13.764046,30
7.708601,26
13.764046,18
7.708601,30
13.764046,28
13.764046,24
13.672277,7
10.871166,17.45
4.340501,4.205
1.869308,27.09
10.871166,17.14
2.031443,0.677
23.629053,4.707
1.869308,1
2.433436,5.38
2.255817,13.45
2.031443,1.873
1.869308,13
4.340501,9.49
1.869308,10
1.869308,5
4.340501,14.58
1.898205,4.753
2.031443,0.000364
2.031443,19
1.869308,8.2
1.869308,8
1.869308,6
1.869308,10
1.893406,12.22
1.869308,12
1.869308,8
1.869308,9
1.869308,9
23.629053,1
4.340501,7.44
1.893406,5.448
1.898205,7.78
1.893406,5.437
1.893406,4.15
4.340501,3.377
13.672277,0.1023
13.672277,4.629
13.672277,17.39
1.869308,8.343
12.559271,26
12.559271,43
12.559271,22
12.559271,22
12.559271,12
12.559271,21
12.559271,43
12.559271,26
12.559271,26
12.559271,43
7.708601,25
13.764046,17
10.871166,4.599
12.559271,17
12.559271,12
12.559271,40
26.083002,31.6
12.559271,21
12.559271,25
27.634909,46.8
27.634909,46
12.559271,19
27.634909,41.4
4.661423,42.2375
4.661423,48.5125
4.661423,37.62916666666667
9.607516,35.733333333333334
4.661423,41.56666666666667
9.607516,48.420833333333334
10.076621,33.110585
4.661423,31.828812083333332
4.661423,39.645833333333336
9.607516,40.475
3.709710,2.9565217391304346
3.709710,16.25486181818182
4.661423,26.253810833333333
4.661423,-999
9.607516,41.233333333333334
3.709710,14.652173913043478
4.661423,42.88724583333333
10.076621,27.389225416666665
4.661423,49.579166666666666
9.607516,43.05
9.607516,42.641666666666666
3.709710,30.643423333333335
9.607516,26.337158260869565
10.076621,28.124770833333333
4.661423,59.3875
9.607516,50.6
9.607516,33.641666666666666
3.709710,2.536594583333333
4.661423,42.22711666666667
10.076621,34.7624625
9.607516,50.552173913043475
9.607516,45.17916666666667
3.709710,-0.49836227272727274
10.076621,35.1094
10.076621,41.71296666666667
4.661423,40.729166666666664
9.607516,41.88333333333333
3.709710,6.260869565217392
9.607516,47.621520833333335
3.709710,25.251862916666667
9.607516,42.627272727272725
9.607516,45.22083333333333
4.661423,31.630545833333333
10.076621,34.91610083333333
3.709710,-999
9.607516,38.67391304347826
3.709710,15.101419583333334
4.661423,29.707602083333335
3.709710,22.57320043478261
3.709710,7.782608695652174
9.607516,26.310458333333333
10.076621,35.46194916666666
10.076621,38.354308333333336
11.748512,27.6
27.634909,37.6
13.764046,27
27.634909,56.5
13.764046,23
13.764046,23
7.708601,29
13.764046,22
13.672277,6
13.764046,29
13.764046,30
10.871166,20.78
23.629053,4.097
2.255817,16.09
10.871166,17.4
1.869308,13.58
1.869308,1
1.869308,6
4.340501,6.779
2.031443,0.00025
2.031443,15.6
1.974297,10.23
2.031443,5.279
2.433436,1
4.340501,7.246
1.869308,8.008
2.031443,0.677
2.865645,5.565
1.869308,9
1.893406,18.96
4.340501,1
1.869308,8
1.869308,11
1.869308,5
1.869308,9
1.869308,13
1.869308,6
1.869308,7
1.869308,10
1.869308,11
23.629053,1
4.340501,1
1.898205,16.98
4.340501,8.81
1.893406,7.476
1.893406,1.895
13.672277,20.37
13.672277,0.1036
13.672277,8.613
1.869308,8.948
12.559271,16
12.559271,28
12.559271,25
12.559271,20
12.559271,16
12.559271,40
12.559271,23
12.559271,28
12.559271,16
12.559271,28
32.076813,3.628
7.690520,46
7.690520,26
7.690520,29
24.953524,33.2
24.953524,35.6
7.690520,27
7.690520,46
7.690520,17
9.608644,19.3
30.226274,29.5
3.911151,57.233333333333334
3.911151,37.9
8.694464,38.554545454545455
3.911151,40.170833333333334
8.694464,39.24583333333333
3.486384,6.045454545454546
8.694464,45.72455
3.911151,23.532645416666668
3.911151,38.329166666666666
8.694464,40.37826086956522
11.559363,31.017205833333332
3.911151,29.09805375
11.559363,31.180778333333333
8.694464,48.75833333333333
8.694464,45.082608695652176
3.486384,-0.4112090909090909
11.559363,32.38577
11.559363,27.429379166666667
3.911151,35.7
8.694464,34.575
3.486384,7.7727272727272725
3.911151,27.967454583333332
3.486384,22.79903375
3.911151,39.0875
8.694464,40.0125
3.486384,2.6363636363636362
3.911151,40.43100416666667
11.559363,36.583220833333336
3.911151,46.25416666666667
8.694464,46.3625
8.694464,40.97083333333333
3.911151,28.976
8.694464,23.69586347826087
3.486384,-999
3.911151,40.2625
8.694464,41.1125
8.694464,32.625
3.486384,2.5593066666666666
8.694464,25.295808333333333
11.559363,33.94990833333333
3.911151,47.0875
8.694464,40.013636363636365
3.486384,14.136363636363637
3.486384,15.972337391304348
3.486384,19.805892083333333
8.694464,48.45652173913044
8.694464,43.295833333333334
3.486384,29.171498333333332
11.559363,33.0134425
11.559363,40.04564444444444
3.486384,13.88012375
3.911151,39.8766625
11.559363,24.962596666666666
24.953524,29.6
24.953524,50
24.953524,38.2
10.515474,22
10.515474,21
10.515474,26
35.859398,3
10.515474,29
10.515474,22
5.990394,23
10.515474,29
5.990394,28
10.515474,17
32.076813,23.31
2.043893,22.31
2.043893,22.39
2.315883,21.55
32.076813,32.6
15.656901,6.147
15.656901,4.065
1.848063,13
3.768195,7.561
2.345666,1
2.009315,11.48
1.848063,7
2.043893,0
1.970726,4.086
1.848063,36.29
3.768195,1
3.500617,4.695
1.848063,13
1.848063,7.9
1.848063,5.85
1.970726,25.78
2.043893,8.12
3.768195,8.7
1.963866,66.19
1.848063,18
1.848063,10
1.848063,17
15.656901,4.707
1.970726,14.89
1.970726,19.24
1.848063,16
3.768195,1.339
3.768195,6.093
1.848063,9
1.848063,1.409
1.963866,17.44
1.848063,2
1.848063,13
35.859398,5.557
35.859398,22.38
35.859398,0.09733
1.848063,8.118
7.690520,20
7.690520,37
7.690520,113
7.690520,57
7.690520,170
7.690520,37
7.690520,20
7.690520,103
7.690520,20
7.690520,37
32.076813,5.166
7.690520,19
9.608644,17
7.690520,172
24.953524,35.8
7.690520,109
7.690520,205
7.690520,38
30.226274,28.9
24.953524,30.5
7.690520,93
3.911151,39.721739130434784
8.694464,37.358333333333334
3.486384,2.5238095238095237
8.694464,45.92138695652174
11.559363,29.392628333333334
11.559363,32.71170166666667
8.694464,46.375
8.694464,33.42916666666667
3.486384,12.079082083333333
11.559363,30.998171666666668
3.911151,55.77916666666667
8.694464,46.073913043478264
8.694464,30.679166666666667
3.486384,27.1698775
11.559363,30.12862875
8.694464,39.11666666666667
8.694464,38.97083333333333
3.911151,26.1914
8.694464,21.01116565217391
3.911151,36.829166666666666
8.694464,44.15416666666667
11.559363,29.203651666666666
3.486384,14.08658
3.911151,21.403245416666667
11.559363,-996
3.911151,37.454166666666666
8.694464,38.5875
3.486384,5.857142857142857
3.911151,26.38208291666667
11.559363,34.948254166666665
11.559363,25.862169583333333
3.911151,34.25416666666667
8.694464,42.67916666666667
3.486384,2.5280254166666665
8.694464,23.4147625
11.559363,24.122218260869566
3.911151,45.11666666666667
8.694464,38.018181818181816
8.694464,41.44583333333333
3.486384,-0.3408909090909091
3.911151,38.292125
3.486384,-999
3.911151,38.875
3.911151,45.1125
8.694464,37.3625
3.486384,7.619047619047619
3.911151,39.01860833333333
3.486384,16.97412375
3.911151,36.8875
8.694464,34.7375
3.486384,12.428571428571429
3.911151,26.869084583333333
3.486384,20.377675416666666
24.953524,23.8
24.953524,24.7
10.515474,17
10.515474,28
5.990394,23
10.515474,20
10.515474,21
5.990394,28
24.953524,43.9
10.515474,28
10.515474,25
10.515474,21
35.859398,4
2.043893,9.48
32.076813,25.51
2.043893,20.27
2.043893,14.93
32.076813,23.28
1.848063,19.84
3.768195,13.14
2.315883,37.01
1.848063,13
1.848063,11
15.656901,20.49
3.768195,8.13
2.345666,14.98
1.848063,8.9
3.768195,27.95
1.848063,16
1.848063,15.48
1.848063,13
1.970726,23.77
15.656901,2.371
2.043893,0.000083
1.963866,18.12
2.009315,11.58
1.848063,4.559
1.848063,10
1.970726,27.41
1.848063,12
1.848063,21
15.656901,8.81
1.848063,14
3.768195,9.64
1.970726,22.4
1.848063,2
1.970726,18.39
1.848063,11
3.500617,23.36
1.963866,41.76
3.768195,1.801
35.859398,28.41
35.859398,0.09227
35.859398,3.596
1.848063,8.146
7.690520,53
7.690520,18
7.690520,300
7.690520,18
7.690520,223
7.690520,78
7.690520,119
7.690520,53
7.690520,18
7.690520,53
32.076813,8.217
7.690520,17
7.690520,200
7.690520,272
24.953524,40.4
7.690520,134
7.690520,58
7.690520,53
9.608644,15.7
24.953524,21.3
24.953524,20.7
24.953524,26.9
3.911151,44.00833333333333
8.694464,31.8875
8.694464,44.3375
8.694464,42.1125
3.911151,35.99166666666667
8.694464,35.958333333333336
3.486384,10.34477375
3.911151,40.03636363636364
8.694464,35.829166666666666
3.486384,7.7272727272727275
8.694464,21.722920833333333
3.911151,43.88333333333333
8.694464,42.0875
11.559363,26.913333333333334
3.911151,23.908968333333334
8.694464,18.75357434782609
3.911151,37.4875
8.694464,37.395833333333336
8.694464,28.858333333333334
3.486384,2.4010045833333336
3.911151,37.368475
11.559363,38.3308
3.911151,36.125
8.694464,36.38636363636363
8.694464,40.69565217391305
3.486384,25.2998275
11.559363,27.830347916666668
11.559363,24.41963
3.911151,54.275
3.911151,33.05
8.694464,35.4625
3.486384,11.318181818181818
8.694464,46.54355
3.486384,14.377969583333334
3.911151,35.608333333333334
8.694464,33.1
3.486384,2.909090909090909
3.911151,25.99813875
11.559363,26.4496125
8.694464,44.37391304347826
8.694464,36.7
3.911151,24.389182916666666
11.559363,33.05128333333333
3.486384,5.7727272727272725
3.911151,37.961870833333336
11.559363,22.254078181818183
3.486384,-0.18131
11.559363,29.770809166666666
11.559363,31.062895416666667
3.486384,11.543212727272728
3.911151,19.076299583333334
10.515474,19
3.486384,17.582837916666666
3.486384,11.227272727272727
5.990394,27
30.226274,27
10.515474,20
10.515474,27
10.515474,16
10.515474,24
10.515474,27
5.990394,22
10.515474,20
35.859398,8
2.043893,9.48
2.043893,22.31
32.076813,25.79
2.043893,15.94
3.768195,5.19
1.848063,20
1.970726,31.91
1.848063,13.7
2.315883,31.65
1.848063,13.97
3.768195,12.2
2.043893,0.6141
32.076813,20.43
3.768195,21.26
1.848063,24
1.848063,10.2
1.848063,19
2.345666,4.086
1.848063,18
1.848063,7
1.848063,18
1.848063,10
1.848063,24
1.848063,13
1.848063,22
15.656901,3.049
3.768195,10.12
15.656901,16.39
1.963866,15.41
2.009315,12.45
15.656901,7.445
1.848063,4.586
1.970726,14.53
1.970726,38.16
3.768195,3.048
1.970726,10.21
1.963866,19.34
3.500617,9.3
35.859398,0.1007
35.859398,35.41
35.859398,7.602
1.848063,8.81
7.690520,13
7.690520,80
7.690520,129
7.690520,154
7.690520,138
7.690520,37
7.690520,13
7.690520,80
7.690520,80
7.690520,13
32.076813,17.01
7.690520,112
7.690520,116
7.690520,150
9.608644,15.8
7.690520,32
30.226274,24.3
24.953524,22.8
7.690520,17
7.690520,80
24.953524,21.3
8.694464,42.770833333333336
8.694464,41.420833333333334
3.911151,36.08695652173913
8.694464,34.40833333333333
3.486384,5.954545454545454
3.911151,22.73146625
3.911151,32.93478260869565
8.694464,30.695833333333333
3.486384,7.954545454545454
8.694464,45.86270454545455
11.559363,31.366266666666668
3.911151,53.02916666666667
8.694464,42.38260869565217
8.694464,27.666666666666668
3.486384,-0.09006181818181819
11.559363,28.134705
3.911151,37.65217391304348
8.694464,34.09166666666667
3.486384,3.1363636363636362
3.911151,36.9203
3.486384,12.06808625
3.911151,35.96086956521739
8.694464,35.573913043478264
3.486384,10.857142857142858
8.694464,20.658220833333335
11.559363,19.16367681818182
3.911151,43.61304347826087
8.694464,35.81666666666667
8.694464,35.854166666666664
3.486384,9.304405909090908
11.559363,24.303529166666667
3.911151,37.14782608695652
8.694464,35.17272727272727
8.694464,40.30909090909091
3.486384,2.3494
3.911151,36.035325
11.559363,29.524805833333332
3.911151,44.208695652173915
8.694464,40.25
11.559363,25.020381666666665
3.911151,21.661609583333334
8.694464,16.431491739130436
3.486384,11.818181818181818
3.911151,35.39565217391304
8.694464,31.779166666666665
3.486384,8.341037826086957
3.911151,25.044420833333334
3.486384,15.212667083333333
3.486384,23.6254275
11.559363,25.97212791666667
11.559363,23.610488333333333
3.911151,17.324511666666666
11.559363,-996
24.953524,19.8
24.953524,42.5
10.515474,23
10.515474,20
10.515474,18
5.990394,27
10.515474,16
10.515474,20
5.990394,22
10.515474,26
10.515474,27
35.859398,9
32.076813,30.41
32.076813,14.85
2.345666,8.17
1.848063,7.343
2.043893,4.962
2.043893,8.8
3.768195,12.2
2.043893,12.21
2.315883,28.54
1.848063,24.13
3.768195,4.874
1.848063,20
3.768195,30.61
1.848063,15
1.970726,21.48
15.656901,4.743
2.043893,36.61
15.656901,6.076
15.656901,14.34
1.848063,5.475
1.970726,6.059
1.848063,23
1.963866,16.98
1.848063,14
1.848063,12.3
1.848063,17
1.848063,21
1.963866,7.27
2.009315,12.31
1.970726,14.09
1.848063,7
3.768195,6.753
1.848063,21
1.848063,15
3.768195,14.08
1.970726,9.53
3.500617,6.87
1.848063,30
35.859398,20.53
35.859398,0.1147
35.859398,10.55
1.848063,11.87
7.690520,39
7.690520,81
7.690520,22
7.690520,52
7.690520,39
7.690520,97
7.690520,129
7.690520,81
7.690520,81
7.690520,39
20.267990,18.91
8.206633,125
8.206633,25
30.203035,42.8
10.441831,18.7
8.206633,47
30.203035,21.9
8.206633,49
8.206633,82
8.206633,99
30.203035,25.3
4.162869,53.22608695652174
4.162869,35.31818181818182
8.885363,30.916666666666668
8.885363,41.43043478260869
8.885363,37.22083333333333
3.593007,-0.18879681818181818
4.162869,34.60696625
9.511323,-996
4.162869,36.981818181818184
8.885363,33.945454545454545
8.885363,34.67916666666667
8.885363,44.228840909090906
9.511323,29.135629166666668
9.511323,22.423507083333334
4.162869,32.75909090909091
8.885363,29.979166666666668
3.593007,7.31891
9.511323,26.978246666666667
9.511323,27.671780416666667
4.162869,36.236363636363635
8.885363,33.3375
3.593007,6.045454545454546
3.593007,8.833496666666667
9.511323,21.910229166666667
4.162869,36.00454545454546
8.885363,34.95652173913044
3.593007,3.409090909090909
4.162869,35.9067875
3.593007,10.393307083333333
4.162869,44.65909090909091
8.885363,32.96666666666667
3.593007,11
4.162869,20.28697875
8.885363,14.88255304347826
3.593007,11.909090909090908
4.162869,43.595454545454544
8.885363,34.74583333333333
8.885363,41.025
3.593007,2.38477625
8.885363,19.71094875
3.593007,13.410487916666666
8.885363,41.38333333333333
8.885363,26.541666666666668
3.593007,21.974915
9.511323,23.748125833333333
4.162869,37.695454545454545
8.885363,39.020833333333336
9.511323,23.11859541666667
4.162869,21.70582041666667
4.162869,16.1406775
3.593007,8
4.162869,23.987986666666668
9.511323,16.526579545454545
30.203035,30.3
30.451151,27.9
2.113811,27.36
6.626413,26
30.203035,21.1
11.930787,19
6.626413,21
11.930787,18
11.930787,23
11.930787,25
11.930787,26
11.930787,15
11.930787,24
11.930787,19
24.735102,6
2.047945,16.28
4.016746,5.911
20.267990,27.88
2.047945,20.26
20.267990,10.02
1.847185,20.07
2.047945,4.059
1.921460,9.98
20.863480,12.29
1.847185,3.4
4.016746,22.12
2.349230,8.17
4.016746,36.05
2.047945,16.04
1.928665,2.933
1.847185,13.6
1.928665,19.67
2.247359,15.92
1.847185,13.4
4.016746,18.98
1.847185,22
3.048334,4.122
1.847185,22
2.009693,13.47
1.847185,22
1.847185,27
1.847185,18
1.847185,22
1.847185,19
1.847185,29
1.847185,21
4.016746,23.61
1.928665,8.2
1.928665,4.085
4.016746,10.05
24.735102,0.1132
24.735102,4.697
24.735102,13.45
1.847185,12.11
8.206633,97
8.206633,97
8.206633,113
8.206633,30
8.206633,35
8.206633,97
8.206633,153
8.206633,97
8.206633,97
8.206633,97
11.930787,18
20.267990,18.89
8.206633,41
8.206633,30
8.206633,104
8.206633,97
8.206633,156
30.451151,30.9
30.203035,44.3
8.206633,96
30.203035,21.6
10.441831,22.9
30.203035,23.8
2.113811,8.39
4.162869,53.39545454545455
4.162869,37.86666666666667
4.162869,32.43333333333333
8.885363,29.325
4.162869,36.95238095238095
8.885363,40.369565217391305
8.885363,36.05
4.162869,35.00952380952381
8.885363,33.791666666666664
3.593007,10.863636363636363
4.162869,35.100679166666666
4.162869,36.47142857142857
8.885363,33.50909090909091
8.885363,25.329166666666666
3.593007,7.909090909090909
30.203035,20.8
4.162869,45.17619047619048
8.885363,34.18695652173913
3.593007,3.772727272727273
8.885363,42.93126363636364
9.511323,19.23718
4.162869,43.91904761904762
8.885363,38.0375
9.511323,21.866207916666667
3.593007,-0.29282636363636366
9.511323,22.35245125
8.885363,40.666666666666664
8.885363,40.37916666666667
3.593007,2.50717125
4.162869,23.194807916666665
3.593007,11.427067083333334
4.162869,36.36190476190476
8.885363,32.4375
3.593007,5.954545454545454
3.593007,9.07469
4.162869,15.013225416666666
3.593007,11.727272727272727
8.885363,33.9375
8.885363,30.170833333333334
4.162869,19.511962083333334
8.885363,18.877919583333334
9.511323,-996
8.885363,32.0625
3.593007,7.0506875
9.511323,27.43317083333333
3.593007,20.059365
9.511323,25.867288333333335
9.511323,21.064384166666667
4.162869,20.77041625
4.162869,33.435
9.511323,25.812877916666668
8.885363,13.759810869565218
9.511323,14.864175
3.593007,8.867919583333334
30.203035,28.7
6.626413,26
11.930787,14
11.930787,25
24.735102,5
11.930787,22
6.626413,21
11.930787,26
11.930787,18
11.930787,17
2.047945,20.01
20.267990,16.2
4.016746,6.773
2.047945,5.411
3.048334,2.015
2.047945,3.916
1.928665,16.45
1.921460,7.946
1.847185,24
2.047945,21.06
1.921460,14.93
1.847185,28
1.847185,24.38
1.847185,10.55
1.847185,24
1.847185,19
2.349230,4.426
1.847185,26
1.847185,27
2.247359,2.235
1.847185,28
20.863480,3.049
1.847185,24
20.863480,4.707
1.847185,19
1.847185,1
1.847185,24
1.847185,7.7
4.016746,16.99
1.928665,4.791
1.928665,1.453
1.928665,4.198
24.735102,23.27
24.735102,8.684
24.735102,0.1144
1.847185,10.52
8.206633,93
8.206633,110
8.206633,38
8.206633,61
8.206633,81
8.206633,80
8.206633,110
8.206633,93
8.206633,93
8.206633,110
20.267990,22.78
8.206633,70
8.206633,97
8.206633,32
30.203035,23.2
8.206633,91
30.203035,49
30.451151,36.5
10.441831,25.5
8.206633,109
8.206633,78
30.203035,23.4
30.203035,23.1
2.113811,1.565
4.162869,36.915
4.162869,52.99523809523809
8.885363,31.3875
4.162869,36.435
3.593007,6.970228333333333
4.162869,31.71
8.885363,31.079166666666666
3.593007,10.772727272727273
8.885363,39.766666666666666
8.885363,29.4125
4.162869,36.86
8.885363,32.67272727272727
8.885363,24.125
3.593007,18.559381666666667
9.511323,21.036742916666668
11.930787,26
4.162869,44.145
8.885363,36.94166666666667
8.885363,33.1875
4.162869,20.006395416666667
4.162869,13.781767916666666
4.162869,37.84
8.885363,33.4
3.593007,8.090909090909092
4.162869,32.35839416666666
9.511323,23.834082916666667
4.162869,34.445
8.885363,39.80416666666667
3.593007,2.5581691666666666
8.885363,17.689876666666667
9.511323,13.297899545454545
4.162869,45.445
8.885363,28.441666666666666
9.511323,20.97289125
8.885363,41.384263636363634
9.511323,26.0537625
8.885363,39.49130434782609
8.885363,35.454166666666666
3.593007,-0.337375
9.511323,24.790075833333333
9.511323,-996
8.885363,32.858333333333334
3.593007,4.2727272727272725
4.162869,34.12849583333333
3.593007,10.222454583333333
3.593007,5.954545454545454
3.593007,9.449956666666667
9.511323,16.9951675
3.593007,11.954545454545455
4.162869,18.649585416666667
8.885363,12.947339130434782
4.162869,22.005475833333332
3.593007,7.861914583333333
9.511323,19.527394166666667
30.203035,34.9
11.930787,22
11.930787,18
11.930787,14
24.735102,4
11.930787,24
6.626413,21
11.930787,17
6.626413,25
11.930787,23
11.930787,18
20.267990,17.27
2.047945,24.42
20.863480,4.707
4.016746,5.376
2.247359,1
1.847185,12.48
20.267990,14.66
1.847185,22.55
20.863480,10.25
4.016746,4.066
2.047945,4.597
1.847185,28
1.847185,1
3.048334,1.374
2.349230,1
2.009693,13.67
2.047945,13.65
4.016746,14.71
1.847185,23
1.921460,11.5
2.047945,7.439
1.847185,0
1.847185,24
1.847185,27
1.921460,11.54
1.847185,25
1.847185,7.2
1.847185,22
1.847185,13
1.847185,10
1.847185,22
20.863480,3.049
1.928665,1
1.928665,6.971
1.928665,14.87
24.735102,1.505
24.735102,12.64
24.735102,21.39
1.847185,10.86
8.206633,86
8.206633,82
8.206633,86
8.206633,66
8.206633,82
8.206633,56
8.206633,124
8.206633,28
8.206633,86
8.206633,82
10.871166,19.21
12.559271,75
12.559271,110
12.559271,59
12.559271,25
12.559271,82
27.634909,41.4
27.634909,32.4
11.748512,38.4
12.559271,88
27.634909,36.2
27.634909,33
26.083002,40.1
27.634909,59.4
2.092476,7.682
4.661423,52.41
4.661423,31.121052631578948
9.607516,38.5125
9.607516,38.92916666666667
3.709710,2.5314758333333334
4.661423,31.2080025
10.076621,21.993380416666668
4.661423,34.142105263157895
9.607516,28.329166666666666
3.709710,7.160152916666667
9.607516,16.776085
3.709710,7.8778395833333335
4.661423,36.536842105263155
9.607516,30.075
3.709710,6.136363636363637
4.661423,17.976754166666666
3.709710,10.152460416666667
4.661423,36.21578947368421
9.607516,32.28260869565217
3.709710,8.136363636363637
4.661423,20.37866125
10.076621,11.908991363636364
4.661423,43.8421052631579
9.607516,30.033333333333335
9.607516,34.416666666666664
4.661423,19.349299583333334
10.076621,14.87088625
4.661423,36.50526315789474
9.607516,38.46086956521739
3.709710,4.590909090909091
3.709710,-0.318265
10.076621,22.83623
10.076621,-996
4.661423,37.22631578947368
9.607516,31.786363636363635
9.607516,22.895833333333332
9.607516,39.54440909090909
10.076621,20.17072625
10.076621,18.409231666666667
4.661423,45.23684210526316
9.607516,35.85
10.076621,19.429341666666666
3.709710,9.200443333333334
4.661423,12.418057083333334
9.607516,31.725
3.709710,10.772727272727273
4.661423,32.89658333333333
10.076621,25.2893625
9.607516,27.133333333333333
9.607516,32.17916666666667
3.709710,17.599710833333333
9.607516,11.741628695652174
3.709710,11.954545454545455
13.672277,3
7.708601,25
13.764046,17
13.764046,21
13.764046,16
13.764046,23
13.764046,25
13.764046,14
10.871166,21.39
13.764046,17
7.708601,20
2.031443,18.32
2.031443,3.235
2.031443,4.057
10.871166,18.58
2.255817,1
4.340501,5.442
2.031443,10.82
1.869308,0
1.869308,25
1.869308,8.85
1.869308,15.09
2.433436,4.086
1.869308,25
1.869308,17
1.869308,7.9
1.869308,22
1.869308,20
1.869308,24
1.869308,14
1.869308,16
1.869308,18
2.865645,4.122
23.629053,2.049
4.340501,8.68
1.898205,20.66
23.629053,3.218
4.340501,16.78
1.898205,15.57
23.629053,6.076
1.893406,1.362
1.869308,1
1.893406,4.836
1.893406,4.049
1.974297,10.35
1.893406,99.9
13.672277,2.508
13.672277,15.65
13.672277,23.36
1.869308,9.497
12.559271,101
12.559271,68
12.559271,68
12.559271,23
12.559271,101
12.559271,57
12.559271,81
12.559271,58
12.559271,101
12.559271,68
10.871166,13.65
12.559271,54
12.559271,71
12.559271,97
12.559271,57
27.634909,34.3
26.083002,42.5
12.559271,21
12.559271,69
27.634909,43.8
27.634909,62.8
27.634909,47.6
11.748512,55
2.092476,16.95
27.634909,66
4.661423,35.18333333333333
4.661423,51.536842105263155
9.607516,30.445833333333333
4.661423,36.361111111111114
9.607516,30.882608695652173
3.709710,10.857142857142858
4.661423,18.8861475
10.076621,12.945364166666666
3.709710,12
9.607516,37.2375
9.607516,27.195833333333333
3.709710,7.188021666666667
9.607516,15.7216225
10.076621,20.620797083333333
4.661423,44.66111111111111
9.607516,25.716666666666665
3.709710,4.818181818181818
4.661423,31.121325
3.709710,9.992072916666666
4.661423,42.516666666666666
9.607516,28.8875
9.607516,31.025
4.661423,18.31864875
10.076621,24.18485
4.661423,35.66111111111111
9.607516,37.30434782608695
3.709710,6.409090909090909
4.661423,17.099779583333333
4.661423,11.193727916666667
10.076621,18.094144166666666
4.661423,33.98888888888889
9.607516,37.733333333333334
3.709710,2.6726395833333334
4.661423,29.659106666666666
10.076621,31.61045
4.661423,35.50555555555555
9.607516,30.645454545454545
10.076621,17.959919166666666
3.709710,9.157543333333333
9.607516,10.881441304347826
4.661423,30.544444444444444
9.607516,28.754166666666666
3.709710,8.136363636363637
9.607516,37.98955
3.709710,7.878408333333334
9.607516,34.7125
9.607516,21.579166666666666
3.709710,16.17404416666667
10.076621,18.95132625
9.607516,33.13333333333333
3.709710,-0.2878591304347826
10.076621,21.323734166666668
10.076621,10.383996818181819
13.672277,4
13.764046,17
7.708601,24
13.764046,13
13.764046,23
7.708601,19
13.764046,15
13.764046,21
13.764046,16
10.871166,19.99
13.764046,25
13.764046,21
2.031443,9.427
2.031443,20.01
2.031443,0.511
1.869308,0
2.031443,4.394
1.869308,10
1.869308,19
1.869308,29
1.869308,21
1.869308,23
1.869308,19
1.869308,8
1.869308,13
1.869308,13
1.869308,7
10.871166,5.665
23.629053,8.81
23.629053,3.726
1.893406,4.666
1.893406,3.404
1.893406,1.04
1.898205,16.24
1.974297,11.21
13.672277,21.4
13.672277,11.72
13.672277,0.1729
1.869308,8.098
12.559271,77
12.559271,76
12.559271,76
12.559271,56
12.559271,55
12.559271,77
12.559271,38
12.559271,17
12.559271,76
12.559271,77
13.764046,11
10.871166,17.8
12.559271,51
12.559271,80
11.748512,64.6
27.634909,49.6
27.634909,52.6
12.559271,24
12.559271,61
27.634909,51.8
12.559271,38
27.634909,46.1
12.559271,75
26.083002,47.3
27.634909,33
2.092476,11.7
4.661423,-996
9.607516,27.3625
3.709710,6.7727272727272725
4.661423,-996
9.607516,32.68333333333333
9.607516,29.75
4.661423,17.48827375
10.076621,22.741741666666666
3.709710,12.318181818181818
4.661423,-996
9.607516,29.0125
9.607516,20.408333333333335
3.709710,14.770748333333334
10.076621,16.9919825
10.076621,16.243735
4.661423,-996
9.607516,29.177272727272726
10.076621,16.931998333333333
4.661423,16.528375416666666
9.607516,9.458161739130436
4.661423,-996
9.607516,26.958333333333332
3.709710,4.863636363636363
4.661423,17.1712525
3.709710,9.85974375
4.661423,-996
9.607516,25.725
3.709710,-0.15457875
10.076621,19.911338333333333
10.076621,19.216742916666668
9.607516,35.53333333333333
9.607516,24.158333333333335
3.709710,7.0397675
3.709710,8.924843333333333
3.709710,7.60931375
4.661423,-996
9.607516,29.5
3.709710,10.772727272727273
9.607516,15.325014166666667
10.076621,11.352333333333334
4.661423,50.62222222222222
9.607516,35.552173913043475
9.607516,36.80416666666667
3.709710,8.363636363636363
9.607516,36.356927272727276
10.076621,9.436263333333333
4.661423,-996
9.607516,31.920833333333334
3.709710,2.7859345833333333
4.661423,27.715498333333333
10.076621,29.468916666666665
4.661423,29.266820833333334
4.661423,10.119965833333334
13.672277,2
2.031443,6.523
2.031443,5.408
10.871166,21.07
2.031443,1.873
2.031443,26.8
13.764046,24
7.708601,22
7.708601,18
13.764046,20
13.764046,14
13.764046,22
13.764046,16
13.764046,21
13.764046,15
4.340501,9.67
4.340501,17.06
1.869308,5.299
1.898205,41.44
2.255817,23.76
4.340501,1
1.869308,14
2.433436,1
23.629053,4.098
4.340501,5.142
1.893406,13.58
1.869308,10.73
1.869308,1.856
4.340501,12.05
1.869308,17
1.869308,11
1.869308,3
1.869308,7
1.869308,20
1.869308,16
1.869308,12
1.869308,4
1.869308,12
1.869308,9
2.865645,9.62
13.672277,0.1542
13.672277,25.4
13.672277,12.66
1.869308,8.406
12.559271,95
12.559271,74
12.559271,74
12.559271,10
12.559271,52
12.559271,95
12.559271,55
12.559271,46
12.559271,74
12.559271,95
32.076813,15.79
7.690520,12
7.690520,37
7.690520,91
7.690520,45
30.226274,44.6
7.690520,73
24.953524,49.9
24.953524,63.6
9.608644,41.4
24.953524,37.8
7.690520,46
24.953524,47.3
2.104266,5.314
3.911151,-996
8.694464,25.691666666666666
8.694464,27.9125
3.911151,-996
8.694464,30.666666666666668
3.486384,0.06875041666666666
3.911151,-996
8.694464,27.48181818181818
3.486384,8.545454545454545
3.911151,-996
8.694464,27.133333333333333
8.694464,19.3125
3.486384,13.668510833333332
11.559363,15.123942083333333
11.559363,15.663989166666667
3.911151,-996
8.694464,24.325
3.486384,2.9630433333333333
3.911151,15.21213625
3.911151,9.32102375
3.911151,-996
8.694464,28.304347826086957
3.486384,6.893750416666666
3.911151,25.364285833333334
11.559363,17.60680125
3.911151,-996
8.694464,33.6
8.694464,29.8375
3.486384,11
3.911151,16.345465416666666
11.559363,21.346029166666668
3.911151,-996
8.694464,25.141666666666666
11.559363,15.750363333333333
8.694464,15.295818333333333
3.486384,9.796802083333333
8.694464,33.47083333333333
8.694464,35.30833333333333
3.486384,7.136363636363637
3.486384,8.522276666666667
11.559363,8.270336666666667
3.911151,-996
8.694464,22.258333333333333
3.486384,4.863636363636363
3.911151,27.6690125
11.559363,9.778791666666667
3.911151,15.43940875
8.694464,8.14792
3.486384,12.272727272727273
8.694464,34.16796363636364
3.486384,7.518806666666666
11.559363,18.52131333333333
11.559363,27.669138888888888
24.953524,30.7
35.859398,0
10.515474,15
5.990394,21
10.515474,13
10.515474,23
10.515474,10
2.043893,13.57
10.515474,21
5.990394,16
10.515474,19
10.515474,14
10.515474,19
32.076813,25.35
2.043893,8
2.315883,24.77
15.656901,4.098
15.656901,8.81
3.768195,8.44
15.656901,4.065
1.848063,9.077
3.768195,20.86
3.768195,4.064
1.970726,4.077
1.848063,1
3.768195,11.54
32.076813,15.34
2.043893,0.6672
1.970726,1.362
1.848063,20
1.848063,8.8
3.768195,1.05
3.768195,1.923
2.043893,6.084
2.009315,12.21
1.848063,13
1.848063,5
2.345666,1
1.848063,13
1.970726,1
1.970726,23.49
1.848063,19
1.848063,11
1.963866,25.56
1.848063,17
1.848063,7
1.848063,12
1.848063,6.7
35.859398,6.738
35.859398,0.562
35.859398,40.32
1.848063,9.897
1.963866,21.22
7.690520,73
7.690520,48
7.690520,24
7.690520,49
7.690520,73
7.690520,12
7.690520,38
7.690520,48
7.690520,73
7.690520,48
32.076813,18.85
7.690520,29
24.953524,50.3
9.608644,42.3
7.690520,48
7.690520,36
7.690520,48
7.690520,13
30.226274,48
7.690520,69
24.953524,59.3
24.953524,31.6
24.953524,32.2
24.953524,48.2
2.104266,2.872
3.911151,-996
3.911151,-996
8.694464,24.129166666666666
3.911151,-996
8.694464,20.6125
3.911151,-996
8.694464,27.991666666666667
3.911151,-996
8.694464,23.295833333333334
8.694464,25.1875
11.559363,14.8316425
3.911151,-996
8.694464,26.717391304347824
3.486384,5.363636363636363
3.911151,13.313686666666667
3.486384,7.4551066666666665
3.911151,-996
8.694464,31.97826086956522
8.694464,18.433333333333334
3.486384,2.9849591666666666
11.559363,17.1475925
11.559363,16.17961791666667
3.911151,-996
8.694464,31.304347826086957
8.694464,33.71666666666667
3.486384,0.07087375
3.911151,23.115069166666668
11.559363,26.843247368421054
3.911151,-996
8.694464,25.945454545454545
8.694464,27.620833333333334
3.486384,6.657529583333333
8.694464,15.097893333333333
11.559363,6.98117
8.694464,22.8625
3.486384,12.450248333333333
11.559363,13.484425416666667
11.559363,14.924993333333333
8.694464,25.654166666666665
3.911151,14.42817125
11.559363,19.515033333333335
3.486384,7.454545454545454
8.694464,32.42738181818182
11.559363,8.43912
5.990394,15
3.486384,11.090909090909092
3.911151,25.693554166666665
3.911151,9.413540416666667
10.515474,18
3.486384,8.954545454545455
3.486384,8.348076666666667
3.486384,9.429389583333334
3.911151,15.17687375
8.694464,7.508585652173913
3.486384,12.090909090909092
10.515474,18
5.990394,19
35.859398,4
10.515474,20
10.515474,22
10.515474,9
10.515474,13
10.515474,13
2.043893,6.084
32.076813,26.7
10.515474,12
2.043893,21.62
2.043893,7.123
3.768195,3.993
2.315883,16.46
1.848063,7.302
1.848063,11.79
3.768195,20.99
1.848063,1
3.768195,6.777
2.043893,6.034
1.848063,11
1.970726,18.33
3.768195,9.98
1.848063,15
3.768195,9.102
1.848063,17
1.848063,5
1.848063,9
1.848063,9
1.848063,12
1.848063,10
1.848063,12
1.848063,10
1.848063,8.7
1.970726,3.486
1.970726,6.128
1.970726,6.784
1.963866,49.95
15.656901,6.147
32.076813,10.2
2.345666,4.086
15.656901,6.076
15.656901,3.726
2.009315,13.3
35.859398,31.49
35.859398,0.157
35.859398,7.689
1.848063,10.53
7.690520,39
7.690520,49
7.690520,33
7.690520,55
7.690520,16
7.690520,40
7.690520,39
7.690520,49
7.690520,49
7.690520,39
32.076813,15.85
7.690520,41
7.690520,40
7.690520,55
7.690520,45
7.690520,39
7.690520,15
2.104266,8.18
8.694464,29.55
3.911151,-996
3.911151,-996
8.694464,21.120833333333334
8.694464,30.05
8.694464,31.8
3.486384,0.22712833333333332
3.911151,-996
8.694464,19.48695652173913
3.486384,9.227272727272727
3.911151,11.520114583333333
3.911151,-996
8.694464,25.65
3.486384,5.818181818181818
8.694464,30.525481818181817
3.911151,-996
8.694464,22.517391304347825
3.486384,7.476190476190476
3.486384,8.141376666666666
3.486384,9.693289583333334
3.911151,-996
8.694464,24.60952380952381
11.559363,13.868331666666666
3.486384,11.724144166666667
8.694464,7.278316086956521
11.559363,25.85743
3.911151,-996
8.694464,23.72608695652174
8.694464,17.704166666666666
3.911151,12.957194166666667
11.559363,17.875895833333335
3.911151,-996
8.694464,25.433333333333334
8.694464,26.182608695652174
3.911151,13.825144583333334
11.559363,16.200813333333333
11.559363,13.897451666666667
3.911151,-996
8.694464,21.756521739130434
3.486384,11.136363636363637
3.911151,23.445854166666667
3.486384,7.3873875
8.694464,24.356521739130436
3.486384,3.419029166666667
11.559363,11.96662125
11.559363,14.830922083333334
3.486384,6.55075625
8.694464,15.09486
11.559363,6.122303333333333
3.911151,21.209756666666667
3.486384,12.318181818181818
3.911151,8.962332083333333
11.559363,7.429399166666666
35.859398,3
32.076813,19.54
2.043893,6.761
10.515474,17
3.768195,7.194
3.500617,21.99
1.848063,12
3.768195,26.5
2.043893,35.25
3.768195,18.45
1.970726,22.41
3.768195,6.854
2.043893,14.25
1.848063,15
1.848063,12.33
2.043893,0.6325
3.768195,3.35
1.848063,13
1.848063,16
1.848063,16
1.848063,7
1.848063,2
1.848063,11.4
1.848063,10
1.848063,16.93
1.848063,7
1.848063,8
1.970726,15.06
1.970726,7.763
15.656901,3.049
1.970726,6.95
35.859398,1.504
35.859398,49.25
35.859398,12.63
1.848063,9.172
7.690520,26
7.690520,44
7.690520,53
7.690520,47
7.690520,26
7.690520,44
7.690520,57
7.690520,25
7.690520,44
7.690520,26
32.076813,16.54
7.690520,37
7.690520,43
7.690520,25
9.608644,41
24.953524,28.4
24.953524,50.7
7.690520,26
24.953524,47.6
24.953524,34
7.690520,48
7.690520,60
30.226274,48.9
24.953524,49.1
2.104266,3.528
3.911151,-996
8.694464,23.695652173913043
3.486384,9.727272727272727
8.694464,14.979593333333334
3.486384,9.46161875
3.911151,-996
8.694464,22.05909090909091
8.694464,21.9625
3.911151,11.524778333333334
8.694464,6.6384673913043475
3.911151,-996
8.694464,21.045833333333334
8.694464,30.104166666666668
3.486384,3.3597275
11.559363,10.499284166666667
3.486384,7.4610975
3.911151,-996
8.694464,19.804166666666667
3.486384,6.136363636363637
8.694464,27.81244090909091
11.559363,16.2507875
3.911151,-996
8.694464,20.645833333333332
3.486384,7.863636363636363
3.911151,12.54128625
11.559363,14.051734583333333
3.911151,-996
8.694464,27.13478260869565
8.694464,23.991666666666667
3.486384,0.22496708333333335
11.559363,15.193931304347826
11.559363,6.702385
3.911151,-996
8.694464,23.520833333333332
11.559363,12.693787083333333
3.486384,8.415373333333333
11.559363,24.983223333333335
8.694464,27.008695652173913
8.694464,17.054166666666667
3.486384,11.374931666666667
3.911151,19.420848333333332
11.559363,13.53967
3.911151,-996
8.694464,17.85
3.486384,11.409090909090908
3.911151,9.935994166666667
11.559363,5.732303333333333
3.911151,-996
8.694464,19.9375
3.486384,6.81397375
3.911151,21.519308333333335
3.911151,8.415422083333333
3.486384,12.318181818181818
10.515474,17
10.515474,10
10.515474,10
5.990394,16
10.515474,15
10.515474,11
5.990394,12
10.515474,19
10.515474,5
35.859398,1
32.076813,21.29
10.515474,15
15.656901,10.24
2.315883,12.88
2.043893,52.58
2.043893,0
3.500617,38.47
1.848063,1
3.768195,17.3
32.076813,8.81
1.848063,12.22
3.768195,30.5
3.768195,16.27
15.656901,8.81
3.768195,34.69
2.043893,57.72
1.848063,7.352
1.963866,57.08
1.848063,16
2.043893,10.82
1.848063,2
1.848063,6
1.848063,8
1.848063,13
1.848063,16
1.848063,9.5
1.963866,56.36
2.009315,13.55
1.848063,14
2.345666,1
1.848063,10
1.970726,29.2
1.848063,8
1.848063,13
1.970726,7.612
1.970726,58.42
35.859398,10.61
35.859398,58.33
35.859398,0.1471
1.848063,9.329
7.690520,24
7.690520,20
7.690520,28
7.690520,40
7.690520,105
7.690520,107
7.690520,24
7.690520,20
7.690520,24
7.690520,20
